Google Profile,Company Name,Rating,Trade,Address,Address 2,Phone,website,Reviews_1,Review Keyword,Reviews_2, Combined Reviews
,,,,,,,,,,,
,,,,,,,,,,,
https://www.google.com/maps/place/TX+Roofing+%26+Services/data=!4m7!3m6!1s0x8640c73493b30935:0xaa47fe137de847f4!8m2!3d29.8134998!4d-95.4602118!16s%2Fg%2F11tj2r6h7c!19sChIJNQmzkzTHQIYR9EfofRP-R6o?authuser=0&hl=en&rclk=1,TX Roofing & Services,4.9,Roofing contractor,2855 Mangum Rd Unit B201B,·,(786) 797-9134,http://www.txroofingandservices.com/,"""They replaced my",roof,"and the whole process was very smooth.""","""They replaced my roof and the whole process was very smooth."""
"https://www.google.com/maps/place/WSR+Roofing,+LLC./data=!4m7!3m6!1s0x8640c7c6166bf35b:0x7599eb74d489e1d0!8m2!3d29.8440221!4d-95.4244483!16s%2Fg%2F1tdr3pwv!19sChIJW_NrFsbHQIYR0OGJ1HTrmXU?authuser=0&hl=en&rclk=1","WSR Roofing, LLC.",4.4,Roofing contractor,1063 W Donovan St,·,(281) 808-6250,http://www.wsrroofing.com/,"""He provided me with crystal clear pictures of my",roof,"using his drone.""","""He provided me with crystal clear pictures of my roof using his drone."""
https://www.google.com/maps/place/Roof+Repair+Services+of+Central+Northwest/data=!4m7!3m6!1s0x80deaae0b2f2f32b:0x2cc3a14a205528b2!8m2!3d29.8400559!4d-95.4292306!16s%2Fg%2F1td33bz1!19sChIJK_PysuCq3oARsihVIEqhwyw?authuser=0&hl=en&rclk=1,Roof Repair Services of Central Northwest,4.5,Roofing contractor,3530 Pinemont Dr Suite 400,·,(346) 598-5444,https://roofrepair.day/central-northwest-roof-repair/,,,,
https://www.google.com/maps/place/JC%26C+Roofing+Company/data=!4m7!3m6!1s0x8640dd7205d73a39:0xbb6c1c6963495871!8m2!3d29.790332!4d-95.5210101!16s%2Fg%2F1pp2tzj5w!19sChIJOTrXBXLdQIYRcVhJY2kcbLs?authuser=0&hl=en&rclk=1,JC&C Roofing Company,4.8,Roofing contractor,·,1220 Blalock Rd #145,(281) 498-7663,https://www.myroofimprovement.com/,"""... inspected the",roof,and made excellent recommendations for,"""... inspected the roof and made excellent recommendations for"
https://www.google.com/maps/place/All+Over+Exterior+Roofing/data=!4m7!3m6!1s0x86472fc18806aa71:0x2065138c803be509!8m2!3d29.8066006!4d-95.4539164!16s%2Fg%2F11f6sv713k!19sChIJcaoGiMEvR4YRCeU7gIwTZSA?authuser=0&hl=en&rclk=1,All Over Exterior Roofing,5,Roofing contractor,·,10050 Northwest Fwy Suite 130,(281) 846-6665,https://allovertxroofing.com/,"""I had a new",roof,"professionally installed and exactly as quoted.""","""I had a new roof professionally installed and exactly as quoted."""
https://www.google.com/maps/place/Houston+Roofing+Experts/data=!4m7!3m6!1s0x8640a1317671c315:0xc1007ed98cb7d41e!8m2!3d29.7973412!4d-95.3987946!16s%2Fg%2F11b7jg5k23!19sChIJFcNxdjGhQIYRHtS3jNl-AME?authuser=0&hl=en&rclk=1,Houston Roofing Experts,4.9,Roofing contractor,1430 Yale St,·,(713) 291-3866,https://houstonroofingexperts.com/,"""They showed up on time and completed the",roof repair,"in a timely matter.""","""They showed up on time and completed the roof repair in a timely matter."""
https://www.google.com/maps/place/Campos+Roofing/data=!4m7!3m6!1s0x8640c7a6e81f6c41:0x5807aafc35e806a9!8m2!3d29.840262!4d-95.4399618!16s%2Fg%2F1td5rnqh!19sChIJQWwf6KbHQIYRqQboNfyqB1g?authuser=0&hl=en&rclk=1,Campos Roofing,4.3,Roofing contractor,·,3825 Pinemont Dr,(713) 352-8290,https://www.camposroofing.com/?utm_campaign=gmb,"""The new",roof,"looks excellent and we are very satisfied.""","""The new roof looks excellent and we are very satisfied."""
https://www.google.com/maps/place/WK+Wilders+Construction+LLC/data=!4m7!3m6!1s0x8640c73feb13b0a3:0xb3b05c62c6c5c95a!8m2!3d29.8525837!4d-95.4201138!16s%2Fg%2F11rk4dmyv9!19sChIJo7AT6z_HQIYRWsnFxmJcsLM?authuser=0&hl=en&rclk=1,WK Wilders Construction LLC,4.9,Roofing contractor,831 Elkhart St,·,(832) 330-9082,https://wilderconstructiontx.com/,"""Very honest and professional",roofer,".""","""Very honest and professional roofer ."""
https://www.google.com/maps/place/Maxim+Roofing+%26+Restoration+Houston+Roofing+and+Construction+Company/data=!4m7!3m6!1s0x8640c427d38c0001:0xe16f49175052fa06!8m2!3d29.8025094!4d-95.4801773!16s%2Fg%2F11rf72ygx5!19sChIJAQCM0yfEQIYRBvpSUBdJb-E?authuser=0&hl=en&rclk=1,Maxim Roofing & Restoration Houston Roofing and Construction Company,5,Roofing contractor,·,7635 Long Point Rd,(832) 776-1884,https://maximroofingrestoration.com/,"""Great pricing and quality work.""",,,"""Great pricing and quality work."""
"https://www.google.com/maps/place/Precision+Roof+Crafters,+Inc./data=!4m7!3m6!1s0x8640c3018856beb5:0x881920add624c6fd!8m2!3d29.7222363!4d-95.5248892!16s%2Fg%2F1tfsnclw!19sChIJtb5WiAHDQIYR_cYk1q0gGYg?authuser=0&hl=en&rclk=1","Precision Roof Crafters, Inc.",4.9,Roofing contractor,·,3919 Jeanetta St,(713) 497-1211,https://precisionroofcrafters.com/?utm_campaign=gmb,"""Easy scheduling, consultant was on time, inspection of my",roof,"was thorough.""","""Easy scheduling, consultant was on time, inspection of my roof was thorough."""
https://www.google.com/maps/place/Priority+Roofing/data=!4m7!3m6!1s0x8640c9832df6d743:0xc0444cec6e8cfc5f!8m2!3d29.9399256!4d-95.4036387!16s%2Fg%2F11lrf42yyx!19sChIJQ9f2LYPJQIYRX_yMbuxMRMA?authuser=0&hl=en&rclk=1,Priority Roofing,5,Roofing contractor,260 N Sam Houston Pkwy E Suite 150,·,(281) 380-0357,https://priorityroofs.com/location/houston/,"""Had my",roof,"replaced was done quick and everything was so easy of a process!""","""Had my roof replaced was done quick and everything was so easy of a process!"""
https://www.google.com/maps/place/Monarch+Roofing+Houston/data=!4m7!3m6!1s0x8640b8a0d29c151f:0x6d056f55e26f52ef!8m2!3d29.7893516!4d-95.3917736!16s%2Fg%2F1jgm0b29p!19sChIJHxWc0qC4QIYR71Jv4lVvBW0?authuser=0&hl=en&rclk=1,Monarch Roofing Houston,4.7,Roofing contractor,1010 Oxford St,·,(832) 215-0987,https://www.monarch-roofing.com/?utm_source=google&utm_medium=organic&utm_campaign=gbp,"""They installed a new skylight and years later a new",roof,"system.""","""They installed a new skylight and years later a new roof system."""
https://www.google.com/maps/place/Industrial+Roofing+%26+Repair/data=!4m7!3m6!1s0x8640e5d94a4ecee9:0x35727a1a0370ffd3!8m2!3d29.8108559!4d-95.4002514!16s%2Fg%2F11f3ch8gmg!19sChIJ6c5OStnlQIYR0_9wAxp6cjU?authuser=0&hl=en&rclk=1,Industrial Roofing & Repair,4.9,Roofing contractor,·,218 W 27th St Suite A,(713) 280-9604,http://industrialroofingrepair.com/,"""He repaired my",roof,"and his price is so reasonable.""","""He repaired my roof and his price is so reasonable."""
https://www.google.com/maps/place/Houston+Roofing+%26+Construction/data=!4m7!3m6!1s0x8640d0724bb1a283:0x9f9242bd566a8b3c!8m2!3d29.9087658!4d-95.5911356!16s%2Fg%2F1wk7r7c0!19sChIJg6KxS3LQQIYRPItqVr1Ckp8?authuser=0&hl=en&rclk=1,Houston Roofing & Construction,4.9,Roofing contractor,11330 West Rd,·,(832) 802-7656,https://houstonroofingonline.com/?utm_source=googleMyBusiness&utm_medium=organic&utm_campaign=HoustonTx,"""The job was done very quickly and efficiently and the",roof,"looks beautiful.""","""The job was done very quickly and efficiently and the roof looks beautiful."""
https://www.google.com/maps/place/Amstill+Roofing/data=!4m7!3m6!1s0x8640c34800357401:0x5bc7b5ffc557836e!8m2!3d29.769775!4d-95.5923483!16s%2Fg%2F1t_wpr4n!19sChIJAXQ1AEjDQIYRboNXxf-1x1s?authuser=0&hl=en&rclk=1,Amstill Roofing,4.9,Roofing contractor,·,14125 Memorial Dr,(281) 612-8747,https://amstillroofing.com/houston-roofing/,"""The",roof,"replacement itself was quick (took 5 hours) and looks amazing.""","""The roof replacement itself was quick (took 5 hours) and looks amazing."""
https://www.google.com/maps/place/Proper+Roofing/data=!4m7!3m6!1s0x864733b658e8518b:0x628d9fc4b9b9e2a6!8m2!3d29.7846556!4d-95.4496795!16s%2Fg%2F11mvsktcb0!19sChIJi1HoWLYzR4YRpuK5ucSfjWI?authuser=0&hl=en&rclk=1,Proper Roofing,4.6,Roofing contractor,7108 Old Katy Rd #150,·,(832) 554-7830,http://www.properroof.com/,"""The process was smooth and the quality of their",roof,"is top notch.""","""The process was smooth and the quality of their roof is top notch."""
https://www.google.com/maps/place/Rose+Roofing/data=!4m7!3m6!1s0x8640d0213dffa535:0x3a81e45cb62e4914!8m2!3d29.879929!4d-95.562273!16s%2Fg%2F1tj584p3!19sChIJNaX_PSHQQIYRFEkutlzkgTo?authuser=0&hl=en&rclk=1,Rose Roofing,4.9,Roofing contractor,16000 Dillard Dr Suite C,·,(713) 849-5155,https://www.roseroofing.com/,"""He showed up right on time and fixed the issue with our",roof,"very quickly.""","""He showed up right on time and fixed the issue with our roof very quickly."""
https://www.google.com/maps/place/Green+Pine+Roofing+%26+Construction/data=!4m7!3m6!1s0x8640c7b57c0b7115:0xb33096a52004ee41!8m2!3d29.8170498!4d-95.4286906!16s%2Fg%2F11k9g2dvn3!19sChIJFXELfLXHQIYRQe4EIKWWMLM?authuser=0&hl=en&rclk=1,Green Pine Roofing & Construction,5,Roofing contractor,1717 W 34th St #179,·,(832) 802-1686,https://www.greenpinerc.com/,"""They get to work FAST and replaced my entire",roof,"in a single day!""","""They get to work FAST and replaced my entire roof in a single day!"""
https://www.google.com/maps/place/Integris+Roofing+Houston/data=!4m7!3m6!1s0x8640c1effee568e7:0xa54f686c945b1c9d!8m2!3d29.7895192!4d-95.4544301!16s%2Fg%2F11jnyfdn9r!19sChIJ52jl_u_BQIYRnRxblGxoT6U?authuser=0&hl=en&rclk=1,Integris Roofing Houston,5,Roofing contractor,1217 W Loop N Fwy #120,·,(713) 587-6195,http://www.integrisroofing.com/?utm_campaign=gmb,"""Integris did a fabulous job on my 4200-sf flat",roof,"for a reasonable price.""","""Integris did a fabulous job on my 4200-sf flat roof for a reasonable price."""
https://www.google.com/maps/place/JD+Roofing+Solutions/data=!4m7!3m6!1s0x8640c98c997aa81f:0xe8a21042315c2ac7!8m2!3d29.9175599!4d-95.4439329!16s%2Fg%2F11h_17gsfq!19sChIJH6h6mYzJQIYRxypcMUIQoug?authuser=0&hl=en&rclk=1,JD Roofing Solutions,5,Roofing contractor,10108 Veterans Memorial Dr,·,(832) 295-3277,https://jdroofingsolutions.com/,"""The work he performed on my",roof,"was the best quality and workmanship.""","""The work he performed on my roof was the best quality and workmanship."""
https://www.google.com/maps/place/Associates+Roofing+Unlimited/data=!4m7!3m6!1s0xd3d8b298b081d7f:0xf34726e8054a6b54!8m2!3d29.7811386!4d-95.4120362!16s%2Fg%2F11p153f7dh!19sChIJfx0IiymLPQ0RVGtKBegmR_M?authuser=0&hl=en&rclk=1,Associates Roofing Unlimited,4.8,Roofing contractor,2535 Roy Cir,·,(832) 837-0447,https://www.associatesroofingunlimited.com/,"""Did an awesome job on my flat Patio",roof,"that used to constantly leak.""","""Did an awesome job on my flat Patio roof that used to constantly leak."""
https://www.google.com/maps/place/H+Town+Roof+%26+Constructions+LLC./data=!4m7!3m6!1s0x8640c74891c77de9:0xba6e68b76e0e4cca!8m2!3d29.7824167!4d-95.4452658!16s%2Fg%2F11vsp8jmrb!19sChIJ6X3HkUjHQIYRykwObrdobro?authuser=0&hl=en&rclk=1,H Town Roof & Constructions LLC.,5,Roofing contractor,7055 Old Katy Rd,·,(346) 667-7118,https://htownroofco.com/,"""The work was done on time, and my",roof,"looks great.""","""The work was done on time, and my roof looks great."""
https://www.google.com/maps/place/Prime+Roofing/data=!4m7!3m6!1s0x8640c7d7c11f4aaf:0xd8f6b0a2ad9c6586!8m2!3d29.8037025!4d-95.4348093!16s%2Fg%2F11ryqmgtqf!19sChIJr0ofwdfHQIYRhmWcraKw9tg?authuser=0&hl=en&rclk=1,Prime Roofing,4.8,Roofing contractor,2003 Sea King St,·,(713) 681-5001,http://www.primeroofing.com/,"""Prime",roofing,did an outstanding job replacing our,"""Prime roofing did an outstanding job replacing our"
https://www.google.com/maps/place/Silver+Ridge+Roofing+%26+Construction/data=!4m7!3m6!1s0x4760dd17969bb91f:0x44fd1ca54282080f!8m2!3d29.8442518!4d-95.5042057!16s%2Fg%2F11kqxpdmlj!19sChIJH7mblhfdYEcRDwiCQqUc_UQ?authuser=0&hl=en&rclk=1,Silver Ridge Roofing & Construction,5,Roofing contractor,·,7676 Hillmont St #291,(713) 903-8011,https://silverridgeroofing.com/?utm_source=google&utm_medium=organic&utm_campaign=gmb,"""The crew was on time, worked efficiently, and the",roof,"looks fantastic.""","""The crew was on time, worked efficiently, and the roof looks fantastic."""
https://www.google.com/maps/place/Texas+Strong+Roofers/data=!4m7!3m6!1s0x8640c783e12096e9:0x3717001a7c3a5c36!8m2!3d29.8238171!4d-95.4111088!16s%2Fg%2F11w820nwly!19sChIJ6ZYg4YPHQIYRNlw6fBoAFzc?authuser=0&hl=en&rclk=1,Texas Strong Roofers,5,Roofing contractor,4001 N Shepherd Dr #116,·,(832) 907-4007,https://texasstrongroofers.com/,"""Absolutely thrilled with the service from Texas Strong",Roofers,"!""","""Absolutely thrilled with the service from Texas Strong Roofers !"""
https://www.google.com/maps/place/Bumble+Roofing+of+West+Houston/data=!4m7!3m6!1s0x8640c7a4e389a66b:0x29365ecf8133e93d!8m2!3d29.784534!4d-95.4563629!16s%2Fg%2F11vyhgvht6!19sChIJa6aJ46THQIYRPekzgc9eNik?authuser=0&hl=en&rclk=1,Bumble Roofing of West Houston,5,Roofing contractor,1000 N Post Oak Rd #220,·,(832) 246-7119,https://bumbleroofing.com/west-houston,"""Hal came out on a Thursday and",roof repairs,"were completed by Saturday""","""Hal came out on a Thursday and roof repairs were completed by Saturday"""
https://www.google.com/maps/place/RG+Roof+Repair/data=!4m7!3m6!1s0x8640c754a0e3c74b:0x13683964abe53261!8m2!3d29.8170472!4d-95.4287935!16s%2Fg%2F11frjx3yfw!19sChIJS8fjoFTHQIYRYTLlq2Q5aBM?authuser=0&hl=en&rclk=1,RG Roof Repair,4.2,Roofing contractor,1717 W 34th St #127,·,(832) 253-3574,https://www.roofers-in-houston.com/,"""Our",roof,"had been aging for years, and we finally decided to get it checked.""","""Our roof had been aging for years, and we finally decided to get it checked."""
"https://www.google.com/maps/place/Stone+Gate+Roofing,+LLC/data=!4m7!3m6!1s0x8640b82f0f0d02c9:0xd48bec39c5880c8!8m2!3d29.8573739!4d-95.3608611!16s%2Fg%2F1tmpkwy_!19sChIJyQINDy-4QIYRyIBYnMO-SA0?authuser=0&hl=en&rclk=1","Stone Gate Roofing, LLC",4.1,Roofing contractor,·,10010 E Hardy Rd,(713) 695-3541,http://stonegateroofing.com/,Online estimates,,,Online estimates
https://www.google.com/maps/place/Charlie%27s+Roofing/data=!4m7!3m6!1s0x8640c640b212d9f3:0xa4dbe3b79ff013d!8m2!3d29.837906!4d-95.451821!16s%2Fg%2F1w15zv1k!19sChIJ89kSskDGQIYRPQH_eTu-TQo?authuser=0&hl=en&rclk=1,Charlie's Roofing,3.7,Roofing contractor,4418 Mountwood St,·,(713) 688-6463,https://charlieroofingcompany.com/,"""Previous",roofing,company said I needed whole new,"""Previous roofing company said I needed whole new"
https://www.google.com/maps/place/Super+Roofer+LLC/data=!4m7!3m6!1s0x8640a582d8b1de35:0xc9626cf77a225850!8m2!3d29.9386194!4d-95.3990048!16s%2Fg%2F11hkwygd6w!19sChIJNd6x2IKlQIYRUFgievdsYsk?authuser=0&hl=en&rclk=1,Super Roofer LLC,5,Roofing contractor,340 N Sam Houston Pkwy E #A100,·,(832) 707-9085,http://www.mysuperroofer.com/,"""Super",Roofer,did an awesome job on our,"""Super Roofer did an awesome job on our"
"https://www.google.com/maps/place/A.S.A.P.+Roofing,+Inc./data=!4m7!3m6!1s0x8640c674ac10cc49:0xb435482b1cf7f23!8m2!3d29.8375337!4d-95.472006!16s%2Fg%2F1tj21y8r!19sChIJScwQrHTGQIYRI3_PsYJUQws?authuser=0&hl=en&rclk=1","A.S.A.P. Roofing, Inc.",4.7,Roofing contractor,5018 Antoine Dr,·,(713) 849-2727,https://www.asap-roofing.com/,"""Came and repaired a leak Gustavo was Very professional and fast!.""",,,"""Came and repaired a leak Gustavo was Very professional and fast!."""
https://www.google.com/maps/place/Atlas+Universal+Roofing/data=!4m7!3m6!1s0x8640c7e969d900eb:0x8f8da1a22b839b37!8m2!3d29.8466973!4d-95.4136385!16s%2Fg%2F1wc48bx6!19sChIJ6wDZaenHQIYRN5uDK6KhjY8?authuser=0&hl=en&rclk=1,Atlas Universal Roofing,3.8,Roofing contractor,·,735 W Tidwell Rd,(713) 695-1626,http://www.atlasuniversal.com/,Onsite services,Online estimates,,Onsite services Online estimates
https://www.google.com/maps/place/Craddock+Roofing/data=!4m7!3m6!1s0x8640c446191a23e7:0x457877918da73762!8m2!3d29.8090967!4d-95.4642249!16s%2Fg%2F1tgjlp3l!19sChIJ5yMaGUbEQIYRYjenjZF3eEU?authuser=0&hl=en&rclk=1,Craddock Roofing,4.9,Roofing contractor,2409 McAllister Rd,·,(713) 465-8090,https://www.craddockroofing.com/,"""Very clear communication and excellent service/quality of",roof,"installation.""","""Very clear communication and excellent service/quality of roof installation."""
https://www.google.com/maps/place/Rodriguez+Roofing+Repairs+%26+Remodeling/data=!4m7!3m6!1s0x8640c774e0aa9b3f:0xbb05ba211784be1a!8m2!3d29.830768!4d-95.399388!16s%2Fg%2F11svmjmk_r!19sChIJP5uq4HTHQIYRGr6EFyG6Bbs?authuser=0&hl=en&rclk=1,Rodriguez Roofing Repairs & Remodeling,4.8,Roofing contractor,4507 Pecan Park Cir,·,(346) 810-2100,https://www.rodriguezroofingandrepairs.com/,"""Josue and his team did an amazing job on our",roof,"and fence.""","""Josue and his team did an amazing job on our roof and fence."""
https://www.google.com/maps/place/Graziano+Roofing+of+Texas+Inc/data=!4m7!3m6!1s0x8640c6150b1c0f0b:0xcff87c8c555adbd6!8m2!3d29.8415947!4d-95.4474491!16s%2Fg%2F1tfkwpwb!19sChIJCw8cCxXGQIYR1ttaVYx8-M8?authuser=0&hl=en&rclk=1,Graziano Roofing of Texas Inc,4.5,Roofing contractor,4134 Pinemont Dr,· Closes 5 PM,(713) 686-9007,,"""Very friendly""",,,"""Very friendly"""
"https://www.google.com/maps/place/M%26M+Roofing,+Siding+%26+Windows/data=!4m7!3m6!1s0x8640c7a07e92bd45:0x175cf09df6f4c7af!8m2!3d29.7999461!4d-95.5573801!16s%2Fg%2F1tctxylp!19sChIJRb2SfqDHQIYRr8f09p3wXBc?authuser=0&hl=en&rclk=1","M&M Roofing, Siding & Windows",4.9,Roofing contractor,1656 Townhurst Dr Ste D,·,(713) 880-8210,https://mmroofsiding.com/locations/houston/roofing/,"""The",roofers,"were fast and efficient and completed the job the same day.""","""The roofers were fast and efficient and completed the job the same day."""
https://www.google.com/maps/place/Espinosa+Construction+Roofing+LLC/data=!4m7!3m6!1s0x8640b9bb548ff9dd:0xfa862a2314e4ed86!8m2!3d29.8608642!4d-95.370094!16s%2Fg%2F11wxknd32p!19sChIJ3fmPVLu5QIYRhu3kFCMqhvo?authuser=0&hl=en&rclk=1,Espinosa Construction Roofing LLC,5,Roofing contractor,505 Cresline St,·,(281) 796-3661,https://construction-roofing.com/,"""they did an excellent job on my full",roof,"replacement!!""","""they did an excellent job on my full roof replacement!!"""
https://www.google.com/maps/place/Advanced+Roofing+Solutions+LLC/data=!4m7!3m6!1s0x8640bf30390f0207:0x3ed023799a31234!8m2!3d29.8063121!4d-95.5647039!16s%2Fg%2F1tgyx2j9!19sChIJBwIPOTC_QIYRNBKjmTcC7QM?authuser=0&hl=en&rclk=1,Advanced Roofing Solutions LLC,4.8,Roofing contractor,1919 W Sam Houston Pkwy N #503,·,(832) 430-7374,https://www.advancedroofinghouston.com/,"""They did an amazing job on the new",roof,"and clean up afterwards.""","""They did an amazing job on the new roof and clean up afterwards."""
https://www.google.com/maps/place/TSG+Roofing/data=!4m7!3m6!1s0x4a150aa8bc26e771:0x3d8d100fce7623e9!8m2!3d29.8116506!4d-95.4262351!16s%2Fg%2F11vdm7gxqk!19sChIJcecmvKgKFUoR6SN2zg8QjT0?authuser=0&hl=en&rclk=1,TSG Roofing,4.9,Roofing contractor,1445 N Loop W Suite 230,·,(832) 678-3444,https://tsgroofing.com/houston-tx/,"""My",roof,"turned out beautiful and the clean up was perfect.""","""My roof turned out beautiful and the clean up was perfect."""
https://www.google.com/maps/place/314+Roofing+Solutions/data=!4m7!3m6!1s0x8640d23cbba9e769:0xbaf7aed0a7f091f3!8m2!3d29.9372765!4d-95.5265933!16s%2Fg%2F11bwcd5n9b!19sChIJaeepuzzSQIYR85Hwp9Cu97o?authuser=0&hl=en&rclk=1,314 Roofing Solutions,5,Roofing contractor,·,6824 North Sam Houston Pkwy W,(832) 909-1681,https://314roofing.com/,"""Great prep, removal and cleanup, as well as a gorgeous NEW",ROOF,"!""","""Great prep, removal and cleanup, as well as a gorgeous NEW ROOF !"""
https://www.google.com/maps/place/TrueWorks+Roofing/data=!4m7!3m6!1s0x8640cd2af07a02a5:0x8ac58de2726f4a58!8m2!3d29.7869625!4d-95.4968717!16s%2Fg%2F11jbtzjhn6!19sChIJpQJ68CrNQIYRWEpvcuKNxYo?authuser=0&hl=en&rclk=1,TrueWorks Roofing,5,Roofing contractor,·,8566 Katy Fwy Suite 122,(713) 903-7663,https://www.trueworksroofing.com/,"""... did a very thorough job inspecting, quoting, and replacing the",roof,".""","""... did a very thorough job inspecting, quoting, and replacing the roof ."""
https://www.google.com/maps/place/Near+Me+Roofing+Texas/data=!4m7!3m6!1s0x8640cfc75d7a76a3:0x94a1daa65e003d7b!8m2!3d29.8649447!4d-95.4945772!16s%2Fg%2F11gn226wn6!19sChIJo3Z6XcfPQIYRez0AXqbaoZQ?authuser=0&hl=en&rclk=1,Near Me Roofing Texas,4.9,Roofing contractor,6999 W Little York Rd suite g,·,(346) 309-1690,https://nearmeroofingtexas.com/,"""They got my",roof,"done super fast and even did same day estimates.""","""They got my roof done super fast and even did same day estimates."""
https://www.google.com/maps/place/LMM+Roofing/data=!4m7!3m6!1s0x8640c904324834c7:0x78ac68a0e829bcab!8m2!3d29.8804107!4d-95.4294068!16s%2Fg%2F11vqwsyqyp!19sChIJxzRIMgTJQIYRq7wp6KBorHg?authuser=0&hl=en&rclk=1,LMM Roofing,5,Roofing contractor,1094 Marcolin St,·,(281) 571-9553,http://lmmroofing.net/,"""They did great quality and fast  work and the cost was affordable.""",,,"""They did great quality and fast  work and the cost was affordable."""
https://www.google.com/maps/place/Hailstrike+Roofing/data=!4m7!3m6!1s0x8640b9b7a1559ccf:0x101728e8ea9b4025!8m2!3d29.8555021!4d-95.3830699!16s%2Fg%2F11ltxw4gc4!19sChIJz5xVobe5QIYRJUCb6ugoFxA?authuser=0&hl=en&rclk=1,Hailstrike Roofing,4.3,Roofing contractor,10301 Fulton St ste b7,·,(346) 498-9551,http://hailstrike-roofing.com/,"""They did a fantastic job on our",roof,".""","""They did a fantastic job on our roof ."""
https://www.google.com/maps/place/Gifford+Roofing/data=!4m7!3m6!1s0x8640c71d8880969d:0xeaf3ab70b425d08!8m2!3d29.7727725!4d-95.4111016!16s%2Fg%2F11t5nkv6hd!19sChIJnZaAiB3HQIYRCF1CC7c6rw4?authuser=0&hl=en&rclk=1,Gifford Roofing,5,Roofing contractor,1219 Durham Dr #110,·,(713) 565-7663,https://gifford-roofing.com/?utm_source=google&utm_medium=organic&utm_campaign=gmb,"""The new",roof,"looks fantastic and has completely resolved the leak issue.""","""The new roof looks fantastic and has completely resolved the leak issue."""
https://www.google.com/maps/place/EZ+Roof+and+Construction/data=!4m7!3m6!1s0x8640c666dbd52b79:0x83d3abc25c762533!8m2!3d29.8661845!4d-95.5646198!16s%2Fg%2F1tfm70v5!19sChIJeSvV22bGQIYRMyV2XMKr04M?authuser=0&hl=en&rclk=1,EZ Roof and Construction,4.8,Roofing contractor,6613 W Sam Houston Pkwy N,·,(832) 979-5409,https://ezroofhouston.com/?utm_source=google&utm_medium=organic&utm_campaign=gmb,"""The",roof,"was replaced in a timely manner and it looks perfect!""","""The roof was replaced in a timely manner and it looks perfect!"""
https://www.google.com/maps/place/TPO+Pros+Roofing+%26+Restoration/data=!4m7!3m6!1s0x8640c16ce2d1296d:0x9af7e1535881dc6!8m2!3d29.7672322!4d-95.3957403!16s%2Fg%2F11h06rgt2t!19sChIJbSnR4mzBQIYRxh2INRV-rwk?authuser=0&hl=en&rclk=1,TPO Pros Roofing & Restoration,4.9,Roofing contractor,225 S Heights Blvd,·,(832) 580-1999,https://www.tpopros.com/,"""Professional and good work!""",,,"""Professional and good work!"""
https://www.google.com/maps/place/Hargrove+Roofing/data=!4m7!3m6!1s0x8640c706e7c2cf31:0xf553e9607e4491c!8m2!3d29.795826!4d-95.4754112!16s%2Fg%2F11j8vptpdh!19sChIJMc_C5wbHQIYRHEnkB5Y-VQ8?authuser=0&hl=en&rclk=1,Hargrove Roofing,5,Roofing contractor,1422 Antoine Dr,·,(713) 425-3771,https://www.hargroveroofing.com/,"""Beautiful",roof,"and professional, courteous service all the way through.""","""Beautiful roof and professional, courteous service all the way through."""
https://www.google.com/maps/place/Anvil+Roofers/data=!4m7!3m6!1s0x86473130f56cf8c7:0xfabe79633e076cfb!8m2!3d29.7903587!4d-95.5211934!16s%2Fg%2F11fd74z86d!19sChIJx_hs9TAxR4YR-2wHPmN5vvo?authuser=0&hl=en&rclk=1,Anvil Roofers,4.9,Roofing contractor,1220 Blalock Rd Suite 300,·,(936) 226-2027,https://anvilroofers.com/?utm_campaign=apex,"""They did our",roof,"in 2 days and the prep and clean up was fantastic.""","""They did our roof in 2 days and the prep and clean up was fantastic."""
https://www.google.com/maps/place/Results+Roofing+Houston/data=!4m7!3m6!1s0x8640e738d7f74ee7:0x2be7b8cb649f5ad8!8m2!3d29.7542979!4d-95.3652347!16s%2Fg%2F11rgw5mwq4!19sChIJ50731zjnQIYR2FqfZMu45ys?authuser=0&hl=en&rclk=1,Results Roofing Houston,5,Roofing contractor,1201 Fannin St Suite 262,·,(281) 779-8743,https://resultsroofing.com/?utm_source=google&utm_medium=organic&utm_campaign=gmb&utm_content=houston,"""They gave us a beautiful new",roof,"that made our house look spectacular.""","""They gave us a beautiful new roof that made our house look spectacular."""
https://www.google.com/maps/place/Kainos+Roofing+%26+Exteriors/data=!4m7!3m6!1s0x8640c72ca92e8b95:0x11fec9b8a3399295!8m2!3d29.796791!4d-95.399372!16s%2Fg%2F11l6l1x5nx!19sChIJlYsuqSzHQIYRlZI5o7jJ_hE?authuser=0&hl=en&rclk=1,Kainos Roofing & Exteriors,4.7,Roofing contractor,1411 Yale St,·,(713) 487-5255,https://www.kainosroofing.com/,"""They finished my",roof,"in a day and half.""","""They finished my roof in a day and half."""
https://www.google.com/maps/place/Buendia+Roofing+%26+Sheetmetal/data=!4m7!3m6!1s0x8640c7f2c1e9decf:0xaa062d4134dbee74!8m2!3d29.8569788!4d-95.4090679!16s%2Fg%2F11szqsg6dd!19sChIJz97pwfLHQIYRdO7bNEEtBqo?authuser=0&hl=en&rclk=1,Buendia Roofing & Sheetmetal,5,Roofing contractor,525 Pickering St,·,(281) 221-6745,http://buendiaroofing.com/,"""They work hard and efficient.""",,,"""They work hard and efficient."""
https://www.google.com/maps/place/Greater/data=!4m7!3m6!1s0x8640c69791d40045:0x5d2185c9ac6e8bae!8m2!3d29.808742!4d-95.5206002!16s%2Fg%2F11gglsscbx!19sChIJRQDUkZfGQIYRroturMmFIV0?authuser=0&hl=en&rclk=1,Greater,4.9,Roofing contractor,·,9320 Montridge Dr,(713) 540-6501,http://www.greaterhoustonroofing.com/,"""They were extremely reliable and provided quality work in a timely manner.""",,,"""They were extremely reliable and provided quality work in a timely manner."""
https://www.google.com/maps/place/Natsu+Roofing/data=!4m7!3m6!1s0x8640c90d6a235555:0xfee20d98a925820!8m2!3d29.8687244!4d-95.4430188!16s%2Fg%2F11ynwq662g!19sChIJVVUjag3JQIYRIFiSitkg7g8?authuser=0&hl=en&rclk=1,Natsu Roofing,5,Roofing contractor,Charlie St,,,https://www.facebook.com/share/1EWKVgobbd/?mibextid=wwXIfr,"""Very professional and easy to work with.""",,,"""Very professional and easy to work with."""
https://www.google.com/maps/place/Great+Roofing+Houston/data=!4m7!3m6!1s0x8640bf6c6ff31547:0x2d976b52af87ca55!8m2!3d29.7554199!4d-95.3673002!16s%2Fg%2F11vqhgf9v3!19sChIJRxXzb2y_QIYRVcqHr1Jrly0?authuser=0&hl=en&rclk=1,Great Roofing Houston,5,Roofing contractor,1209 Travis St,·,(281) 688-8746,https://www.greatroofingofhouston.com/,"""Excellent work!""",,,"""Excellent work!"""
https://www.google.com/maps/place/Achilles+Roofing+%26+Exterior/data=!4m7!3m6!1s0x8640e9772e9f3c71:0x6031c90b0b8d71c6!8m2!3d29.8063116!4d-95.564703!16s%2Fg%2F11fnrdqpgr!19sChIJcTyfLnfpQIYRxnGNCwvJMWA?authuser=0&hl=en&rclk=1,Achilles Roofing & Exterior,5,Roofing contractor,1919 W Sam Houston Pkwy N,·,(832) 353-2383,https://achillesroofinghouston.com/,"""They removed the old",roof,and installed a new,"""They removed the old roof and installed a new"
https://www.google.com/maps/place/Roof+Savers/data=!4m7!3m6!1s0x8640c995b933611f:0x8b5b1f6d9c9a44b4!8m2!3d29.9424478!4d-95.4023814!16s%2Fg%2F11trkv96m2!19sChIJH2EzuZXJQIYRtESanG0fW4s?authuser=0&hl=en&rclk=1,Roof Savers,5,Roofing contractor,16666 Northchase Dr Ste. 180,·,(713) 347-9321,https://roofsavers.pro/,"""",Roof,"Savers provided great service throughout the project.""",""" Roof Savers provided great service throughout the project."""
https://www.google.com/maps/place/Tims+Emergency/data=!4m7!3m6!1s0x8640c71e4346a365:0xafc194ef98c0691a!8m2!3d29.7732496!4d-95.4097197!16s%2Fg%2F11q_68nb1r!19sChIJZaNGQx7HQIYRGmnAmO-Uwa8?authuser=0&hl=en&rclk=1,Tims Emergency,4.8,Roofing contractor,·,1315 Shepherd Dr,(346) 440-3252,https://tims-emergency-roofing-houston.ueniweb.com/?utm_campaign=gmb,"""I got estimates from all of the",roofers,"and analyzed each proposal.""","""I got estimates from all of the roofers and analyzed each proposal."""
https://www.google.com/maps/place/DC+Pines+Roofing/data=!4m7!3m6!1s0x8640c5ccac73c6bd:0x8e5edc334f1de9d!8m2!3d29.742636!4d-95.372765!16s%2Fg%2F11vr786785!19sChIJvcZzrMzFQIYRnd7xNMPt5Qg?authuser=0&hl=en&rclk=1,DC Pines Roofing,4.9,Roofing contractor,2808 Caroline St #200,·,(832) 709-0768,https://www.dcpinesroofing.com/,"""They installed a quality",roof,"on our house within our budget requirements.""","""They installed a quality roof on our house within our budget requirements."""
https://www.google.com/maps/place/Martin+Roofing+And+Solar/data=!4m7!3m6!1s0x8640c1d014748b85:0x84fe16fcdcbb33fe!8m2!3d29.8442674!4d-95.5041654!16s%2Fg%2F11tn1db0k5!19sChIJhYt0FNDBQIYR_jO73PwW_oQ?authuser=0&hl=en&rclk=1,Martin Roofing And Solar,5,Roofing contractor,·,7676 Hillmont St,(832) 617-4037,http://martinroofingandsolar.com/,"""... was on time, professional, and did an excellent job on our",roof,".""","""... was on time, professional, and did an excellent job on our roof ."""
https://www.google.com/maps/place/HGS+ROOFING+SIDING/data=!4m7!3m6!1s0x8640c82dcd4c6213:0xc3a2046f608e4ca9!8m2!3d29.9049658!4d-95.4018191!16s%2Fg%2F11cjpb8wy9!19sChIJE2JMzS3IQIYRqUyOYG8EosM?authuser=0&hl=en&rclk=1,HGS ROOFING SIDING,4.7,Roofing supply store,10307 Airline Dr,·,(281) 445-6696,http://www.hgsroofing.com/,"""Amazing Job, professional work, great price, highly recommend""",,,"""Amazing Job, professional work, great price, highly recommend"""
https://www.google.com/maps/place/Roofing+Contractorss/data=!4m7!3m6!1s0x8640b9f7aceaf053:0x6e5cb5e7a2f3d3d!8m2!3d29.8210632!4d-95.3827886!16s%2Fg%2F11jwsg1v9_!19sChIJU_DqrPe5QIYRPT0vel7L5QY?authuser=0&hl=en&rclk=1,Roofing Contractorss,5,Roofing contractor,1300 E 40th St,·,(281) 206-4692,http://roof-contractor.org/Houston-TX.html,,,,
https://www.google.com/maps/place/RISE+Roofing+Company+Houston+-+Roofing+Contractor/data=!4m7!3m6!1s0x8640d1e11398658d:0x139d2cceeeb3cc6e!8m2!3d29.7581187!4d-95.3864509!16s%2Fg%2F11v_00j194!19sChIJjWWYE-HRQIYRbsyz7s4snRM?authuser=0&hl=en&rclk=1,RISE Roofing Company Houston - Roofing Contractor,4.9,Roofing contractor,·,1909 W Lamar St,(832) 345-9527,https://www.riseroofing.company/,"""They replaced my old",roof,"two years ago, and it still looks brand new.""","""They replaced my old roof two years ago, and it still looks brand new."""
https://www.google.com/maps/place/JEN/data=!4m7!3m6!1s0x8640c94a7c1ec799:0xcfbd889489f7c5c5!8m2!3d29.9303881!4d-95.4750115!16s%2Fg%2F1tdqbz7r!19sChIJmccefErJQIYRxcX3iZSIvc8?authuser=0&hl=en&rclk=1,JEN,4.9,Roofing contractor,·,13513 Ralph Culver Rd,(281) 643-7440,https://jenroofing.com/,"""Good job done by the guy, he came to replace the vents on the",roof,".""","""Good job done by the guy, he came to replace the vents on the roof ."""
https://www.google.com/maps/place/Secure+Roofing/data=!4m7!3m6!1s0x8640b8b5972ee24b:0x32f8ae9af321d74!8m2!3d29.8255529!4d-95.3697437!16s%2Fg%2F1hf6jr_q_!19sChIJS-Iul7W4QIYRdB0yr-mKLwM?authuser=0&hl=en&rclk=1,Secure Roofing,4.7,Roofing contractor,·,7149 Roswell St,(713) 256-5243,http://www.secureroofs.com/,"""The",roofing,crew arrived at 7 am and the,"""The roofing crew arrived at 7 am and the"
https://www.google.com/maps/place/Common+Bond+Roofing/data=!4m7!3m6!1s0x84f26e489fde09e3:0x29f1cc4e22bb1927!8m2!3d29.8206833!4d-95.4680129!16s%2Fg%2F11m_3bj2kz!19sChIJ4wnen0hu8oQRJxm7Ik7M8Sk?authuser=0&hl=en&rclk=1,Common Bond Roofing,5,Roofing contractor,5380 W 34th St Suite # 282,·,(281) 770-8623,https://www.commonbond.com/,"""The work was done very quickly, professionally, and with great care.""",,,"""The work was done very quickly, professionally, and with great care."""
https://www.google.com/maps/place/Roofing+Linares+LLC/data=!4m7!3m6!1s0x8640cfa78a157d45:0x92cb1f3265ce2614!8m2!3d29.8942664!4d-95.5439078!16s%2Fg%2F11vbyzsklg!19sChIJRX0ViqfPQIYRFCbOZTIfy5I?authuser=0&hl=en&rclk=1,Roofing Linares LLC,4.9,Roofing contractor,8406 Fawn Wind Ct,·,(832) 840-5595,https://roofinglinares.com/,"""They were professional and completed",roof,"at an excellent price.""","""They were professional and completed roof at an excellent price."""
https://www.google.com/maps/place/Arnold+Roofing+and+Construction/data=!4m7!3m6!1s0x8640c5bbdfc0ae29:0xf72ed2c123fb8241!8m2!3d29.7829115!4d-95.4760198!16s%2Fg%2F11j9cvhnnp!19sChIJKa7A37vFQIYRQYL7I8HSLvc?authuser=0&hl=en&rclk=1,Arnold Roofing and Construction,5,Roofing contractor,7941 Katy Fwy #423,·,(281) 300-7579,http://arnoldroofingandconstruction.com/,"""They repaired our",roof,"within a week in hot burning heat.""","""They repaired our roof within a week in hot burning heat."""
https://www.google.com/maps/place/Lifetime+Roofing+%26+General+Contractor/data=!4m7!3m6!1s0x8640c7525f30b489:0xf1e06795e6fab4c2!8m2!3d29.8734204!4d-95.4461744!16s%2Fg%2F11fsp_0w17!19sChIJibQwX1LHQIYRwrT65pVn4PE?authuser=0&hl=en&rclk=1,Lifetime Roofing & General Contractor,4.8,Roofing contractor,·,,(713) 410-9746,http://rooflifetime.com/,"""He found difficult leaks on my metal",roof,"and fixed them at a fair price.""","""He found difficult leaks on my metal roof and fixed them at a fair price."""
https://www.google.com/maps/place/Texas+Tough+Roofing/data=!4m7!3m6!1s0x8640cf2f1b7f26d3:0x92746c0c5cfdb83e!8m2!3d29.951711!4d-95.4196021!16s%2Fg%2F11q1vzk8_2!19sChIJ0yZ_Gy_PQIYRPrj9XAxsdJI?authuser=0&hl=en&rclk=1,Texas Tough Roofing,5,Contractor,100 Glenborough Dr,·,(832) 232-3271,https://www.texastoughroofingllc.com/,"""They quoted and",repairs,my,"""They quoted and repairs my"
https://www.google.com/maps/place/Blue+Ribbon+Roofing+LLC+-+Jersey+Village+Roof+Replacement/data=!4m7!3m6!1s0x8640c666dbd52b7f:0x982c8ff1773866a2!8m2!3d29.8818003!4d-95.5681465!16s%2Fg%2F1234w3g63!19sChIJfyvV22bGQIYRomY4d_GPLJg?authuser=0&hl=en&rclk=1,Blue Ribbon Roofing LLC - Jersey Village Roof Replacement,5,Roofing contractor,·,16245 Singapore Ln,(713) 999-2303,https://www.blueribbonroofingllc.com/?utm_campaign=gmb,"""The",roofers,"were professional, efficient and installed a beautiful","""The roofers were professional, efficient and installed a beautiful"
https://www.google.com/maps/place/Rodeo+Roofing/data=!4m7!3m6!1s0x8640c77591a60e1d:0xf0fa5a7d56ba3582!8m2!3d29.816379!4d-95.4114189!16s%2Fg%2F11ln3pnbyp!19sChIJHQ6mkXXHQIYRgjW6Vn1a-vA?authuser=0&hl=en&rclk=1,Rodeo Roofing,5,Roofing contractor,3202 Randall St,·,(713) 259-6124,http://rodeoroofingtexas.com/,,,,
https://www.google.com/maps/place/Houston+Strong+Roofing+Company/data=!4m7!3m6!1s0x8640cfc9d10ca18d:0xb50316d5b9af2cf!8m2!3d29.9639805!4d-95.6607995!16s%2Fg%2F11gf95khr3!19sChIJjaEM0cnPQIYRz_KaW20xUAs?authuser=0&hl=en&rclk=1,Houston Strong Roofing Company,4.9,Roofing contractor,·,15705 Jarvis Rd,(832) 271-7783,https://houstrongroofing.com/,"""They did a great job tearing off and installing the new",roof,"material.""","""They did a great job tearing off and installing the new roof material."""
https://www.google.com/maps/place/Roofing+Repair+Experts/data=!4m7!3m6!1s0x8640c791d4400001:0xce788cb6312c07b9!8m2!3d29.832232!4d-95.4046722!16s%2Fg%2F11hy9nvn0g!19sChIJAQBA1JHHQIYRuQcsMbaMeM4?authuser=0&hl=en&rclk=1,Roofing Repair Experts,4.2,Roofing contractor,327 Thornton Rd,· Closes 10 PM,(713) 912-8772,,"""They fix my",roof,"for a fair price""","""They fix my roof for a fair price"""
https://www.google.com/maps/place/Cabrera+%26+Sons+LLC/data=!4m7!3m6!1s0x8640c52edc9c28d9:0x3761d657846fb967!8m2!3d29.7855809!4d-95.4971785!16s%2Fg%2F11vxycylf9!19sChIJ2Sic3C7FQIYRZ7lvhFfWYTc?authuser=0&hl=en&rclk=1,Cabrera & Sons LLC,4.8,Roofing contractor,8556 Memorial Park Dr,,(346) 478-6860,,,,,
https://www.google.com/maps/place/State+Roofing+Company/data=!4m7!3m6!1s0x8640dbe0ebc44913:0x51bf6e4385e39d6d!8m2!3d29.7827767!4d-95.6420859!16s%2Fg%2F1thlzv2r!19sChIJE0nE6-DbQIYRbZ3jhUNuv1E?authuser=0&hl=en&rclk=1,State Roofing Company,4.9,Roofing contractor,·,318 Addicks-Howell Rd,(281) 293-7000,https://www.stateroofingtexas.com/?utm_source=google&utm_medium=map&utm_campaign=gmb,"""they changed my",roof,"within days and cleaned up after.""","""they changed my roof within days and cleaned up after."""
https://www.google.com/maps/place/Aztec+Contractor%27s+Roofing+%26+Construction/data=!4m7!3m6!1s0x8640bf4df4366bd1:0xab5f63a999583336!8m2!3d29.7739386!4d-95.3716172!16s%2Fg%2F11gdz4gd8v!19sChIJ0Ws29E2_QIYRNjNYmaljX6s?authuser=0&hl=en&rclk=1,Aztec Contractor's Roofing & Construction,4.8,Roofing contractor,1807 Hickory St,·,(832) 703-9638,https://aztec-contractors.com/,"""Highly competent, prompt, reliable, reasonable and friendly service.""",,,"""Highly competent, prompt, reliable, reasonable and friendly service."""
https://www.google.com/maps/place/Elevation+Roofing+%26+Restoration+LLC/data=!4m7!3m6!1s0x8640c3981c9f4833:0x2590899df97d7301!8m2!3d29.7834951!4d-95.5113275!16s%2Fg%2F11f637vkwz!19sChIJM0ifHJjDQIYRAXN9-Z2JkCU?authuser=0&hl=en&rclk=1,Elevation Roofing & Restoration LLC,4.9,Roofing contractor,9039 Katy Fwy Ste. 230,·,(832) 551-2679,https://elevationrr.com/,"""The replacement of my",roof,"was on time as promised and excellent work.""","""The replacement of my roof was on time as promised and excellent work."""
https://www.google.com/maps/place/Best+Roofing+and+Construction+LLC/data=!4m7!3m6!1s0x8640db9604cdbc5b:0x512ffeb0408a5a2c!8m2!3d29.8053222!4d-95.5624663!16s%2Fg%2F11t7s_tpyt!19sChIJW7zNBJbbQIYRLFqKQLD-L1E?authuser=0&hl=en&rclk=1,Best Roofing and Construction LLC,4.9,Roofing contractor,10690 Shadow Wood Dr ste 105,·,(832) 655-5418,http://www.bestroofingandconstructionllc.com/,"""The crew did a great job, finished on time, and the",roof,"looks amazing.""","""The crew did a great job, finished on time, and the roof looks amazing."""
"https://www.google.com/maps/place/Long+Point+Roofing+-+Larry+D.+Kolb,+II/data=!4m7!3m6!1s0x8640c35f15b67ebd:0x8d9e306f03351896!8m2!3d29.8024605!4d-95.4839123!16s%2Fg%2F1pzpr67zn!19sChIJvX62FV_DQIYRlhg1A28wno0?authuser=0&hl=en&rclk=1","Long Point Roofing - Larry D. Kolb, II",4.3,Roofing contractor,7807 Long Point Rd # 323,·,(713) 540-6778,http://longpointroof.com/,"""They put a",roof,"on my house and it lasted almost 30 years.""","""They put a roof on my house and it lasted almost 30 years."""
https://www.google.com/maps/place/Top+Roofing+LLC/data=!4m7!3m6!1s0x8640c3cfe1f9287b:0x2e4050b10c521c0c!8m2!3d29.725038!4d-95.481639!16s%2Fg%2F11kxh2rkzc!19sChIJeyj54c_DQIYRDBxSDLFQQC4?authuser=0&hl=en&rclk=1,Top Roofing LLC,5,Roofing contractor,5821 Southwest Freeway,· Closes 6 PM,(832) 699-7663,https://www.google.com/aclk?sa=L&ai=DChsSEwiHgr3rm4eTAxVhONQBHT1INFoYACICCAEQARoCb2E&co=1&ase=2&gclid=CjwKCAiAzZ_NBhAEEiwAMtqKy9TrRl2n7RP1nrxE2jO3Qo6zQJu5OExcnrBkqsEeGGmonp4STn-3BBoCuJEQAvD_BwE&cid=CAASZeRoAAB8Bf9y9ST_4Gjf5nFulIXLy28v__VSBkavOylM4bon4xwRMcjbmLjvGE3Esh-XXnz67duBEbeXscD1vArxmJPENLpvOAa9hHIEyXxq7Lh96649cUampCXphY95LhK74O1w&cce=2&category=acrcp_v1_32&sig=AOD64_3O5HfpLu6WwjoKxL96LOe6VAUWnw&adurl&q&ctype=99&nis=6,,,,
https://www.google.com/maps/place/Rodriguez+Roofing/data=!4m7!3m6!1s0x8640cdc0bc78fce1:0x7f46537d501e113d!8m2!3d29.963673!4d-95.526093!16s%2Fg%2F1tdylll3!19sChIJ4fx4vMDNQIYRPREeUH1TRn8?authuser=0&hl=en&rclk=1,Rodriguez Roofing,4.5,Roofing contractor,6811 Theall Road,· Closes 5 PM,(281) 407-5354,https://www.google.com/aclk?sa=L&ai=DChsSEwiHgr3rm4eTAxVhONQBHT1INFoYACICCAEQABoCb2E&co=1&ase=2&gclid=CjwKCAiAzZ_NBhAEEiwAMtqKy5bLT3EW5PYHWccowfTg6qCCTUiu2WqDoRgT7TkJUIaSIWf4WfZ8CBoCWYYQAvD_BwE&cid=CAASZeRoAAB8Bf9y9ST_4Gjf5nFulIXLy28v__VSBkavOylM4bon4xwRMcjbmLjvGE3Esh-XXnz67duBEbeXscD1vArxmJPENLpvOAa9hHIEyXxq7Lh96649cUampCXphY95LhK74O1w&cce=2&category=acrcp_v1_32&sig=AOD64_3Q7WUHrsK60nF521XJ66Wj6fo_ag&adurl&q&ctype=99&nis=6,,,,
"https://www.google.com/maps/place/Innpreccon+Roofing,+LLC/data=!4m7!3m6!1s0x8640cb812444634d:0x148decd00f233466!8m2!3d30.0328431!4d-95.4332958!16s%2Fg%2F11m_klbpdf!19sChIJTWNEJIHLQIYRZjQjD9DsjRQ?authuser=0&hl=en&rclk=1","Innpreccon Roofing, LLC",4.9,Roofing contractor,140 Cypress Station Dr #132,·,(832) 827-2962,https://www.innprecconroofing.com/,"""I had my",roof,"replaced in one day and they cleaned up perfectly.""","""I had my roof replaced in one day and they cleaned up perfectly."""
https://www.google.com/maps/place/Ideal+Roofing/data=!4m7!3m6!1s0x8640c50dac3e9a05:0x52f981f00dec6758!8m2!3d29.8321213!4d-95.5279584!16s%2Fg%2F1hhvy85c7!19sChIJBZo-rA3FQIYRWGfsDfCB-VI?authuser=0&hl=en&rclk=1,Ideal Roofing,4.3,Roofing contractor,·,9535 Clay Rd,(713) 896-1122,http://www.idealroofingservices.com/,"""My new",roof,"looks great and I am very happy with the service and product.""","""My new roof looks great and I am very happy with the service and product."""
https://www.google.com/maps/place/Shield+Roofing+and+Sheet+Metal/data=!4m7!3m6!1s0x8640c72f2deb28f5:0x562702275dd18060!8m2!3d29.8095965!4d-95.4614942!16s%2Fg%2F11f7r1h317!19sChIJ9SjrLS_HQIYRYIDRXScCJ1Y?authuser=0&hl=en&rclk=1,Shield Roofing and Sheet Metal,4.8,Roofing contractor,·,2415 Karbach St #8,(832) 694-0430,https://www.sheetmetalandroofs.com/,"""They do quality work and provide great costumer service.""",,,"""They do quality work and provide great costumer service."""
https://www.google.com/maps/place/Top+Roofing+LLC/data=!4m7!3m6!1s0x8640c3cfe1f9287b:0x2e4050b10c521c0c!8m2!3d29.7250378!4d-95.4816391!16s%2Fg%2F11kxh2rkzc!19sChIJeyj54c_DQIYRDBxSDLFQQC4?authuser=0&hl=en&rclk=1,Top Roofing LLC,5,Roofing contractor,·,5821 Southwest Fwy Suite 310,(832) 699-7663,https://www.toproofinghouston.com/,"""Javier at Top",Roofing,LLC was a life saver when I needed my,"""Javier at Top Roofing LLC was a life saver when I needed my"
https://www.google.com/maps/place/Best+Roofing+Repair+Houston/data=!4m7!3m6!1s0x8640b97cb674a8a5:0x324db1c526c08a6!8m2!3d29.7762019!4d-95.3877516!16s%2Fg%2F11y3k9zq9v!19sChIJpah0tny5QIYRpghsUhzbJAM?authuser=0&hl=en&rclk=1,Best Roofing Repair Houston,5,Roofing contractor,2785 Katy Fwy Ste 140,·,(346) 248-7554,https://www.bestroofingrepairhouston.com/,"""I highly recommend this company for all of your",roofing,"needs.""","""I highly recommend this company for all of your roofing needs."""
https://www.google.com/maps/place/Moss+Roofing+Houston/data=!4m7!3m6!1s0x8640d90ddb6abd19:0x27acd90794a61b43!8m2!3d29.9205893!4d-95.6154875!16s%2Fg%2F11h_23w0h_!19sChIJGb1q2w3ZQIYRQxumlAfZrCc?authuser=0&hl=en&rclk=1,Moss Roofing Houston,5,Roofing contractor,13100 Wortham Center Dr 3rd floor,·,(832) 840-8027,http://www.mossroofinghouston.com/,"""He and his crew made getting a new",roof,"practically painless!""","""He and his crew made getting a new roof practically painless!"""
https://www.google.com/maps/place/Safeguard+Roofing+Pro/data=!4m7!3m6!1s0x8640c9eeee010b6d:0x45dc4ebd8834e786!8m2!3d29.9002234!4d-95.4453434!16s%2Fg%2F11yppy5h61!19sChIJbQsB7u7JQIYRhuc0iL1O3EU?authuser=0&hl=en&rclk=1,Safeguard Roofing Pro,5,Roofing contractor,2500 W Mt Houston Rd,·,(713) 370-5336,https://safeguardroofingpro.com/?utm_source=google&utm_medium=organic&utm_campaign=gbp,"""The",roof,"looks great and the cleanup was spotless.""","""The roof looks great and the cleanup was spotless."""
https://www.google.com/maps/place/Delaneys+Restoration+Inc./data=!4m7!3m6!1s0x8640c1974e3c4a19:0x18f94f16c93a2042!8m2!3d29.7719879!4d-95.4285726!16s%2Fg%2F11tcm84tyl!19sChIJGUo8TpfBQIYRQiA6yRZP-Rg?authuser=0&hl=en&rclk=1,Delaneys Restoration Inc.,5,Roofing contractor,·,6501 Pickens St Unit B,(713) 478-0939,https://delaneysroofing.com/,"""They did great work at a very fair price.""",,,"""They did great work at a very fair price."""
https://www.google.com/maps/place/Roof+Squad/data=!4m7!3m6!1s0x8640d968e074bfe3:0xc083b9bff1f53df5!8m2!3d29.7908946!4d-95.7108158!16s%2Fg%2F11cs9mdn4x!19sChIJ47904GjZQIYR9T318b-5g8A?authuser=0&hl=en&rclk=1,Roof Squad,5,Roofing contractor,·,19407 Park Row Blvd Suite 130,(713) 489-8064,https://www.roofsquad.com/?utm_source=Google+Business+Profile&utm_medium=organic&utm_campaign=GBPHouston,"""... came out and quoted a price and then came out and fixed the",roof,".""","""... came out and quoted a price and then came out and fixed the roof ."""
https://www.google.com/maps/place/DR+Roofing+and+Construction/data=!4m7!3m6!1s0x8640cdb86e43e8c7:0xade89ec97b63885f!8m2!3d29.9662407!4d-95.5534221!16s%2Fg%2F11pcm26f5z!19sChIJx-hDbrjNQIYRX4hje8me6K0?authuser=0&hl=en&rclk=1,DR Roofing and Construction,4.9,Roofing contractor,18316 Tomball Pkwy,·,(281) 815-2422,http://www.drroofingandconstruction.com/,"""They were prompt, cleaned up, and installed the",roof,"in one day.""","""They were prompt, cleaned up, and installed the roof in one day."""
https://www.google.com/maps/place/Serenity+Roofing+%26+Construction/data=!4m7!3m6!1s0x8640d3da5fc640c5:0x2423f9d14ae4c826!8m2!3d29.9636905!4d-95.5233389!16s%2Fg%2F11h0kf69qt!19sChIJxUDGX9rTQIYRJsjkStH5IyQ?authuser=0&hl=en&rclk=1,Serenity Roofing & Construction,5,Roofing contractor,6727 Theall Rd suite a,·,(713) 283-8143,https://www.serenityroofingandconstruction.com/,"""He got his team out to completely replace my",roof,"in one day!!""","""He got his team out to completely replace my roof in one day!!"""
https://www.google.com/maps/place/Remodeland+Roofing+Company/data=!4m7!3m6!1s0x8640cdd13ce5dbed:0xeea115d5b7bd099b!8m2!3d29.7859308!4d-95.5678038!16s%2Fg%2F11hj09pj6r!19sChIJ7dvlPNHNQIYRmwm9t9UVoe4?authuser=0&hl=en&rclk=1,Remodeland Roofing Company,4.9,Roofing contractor,·,10810 Katy Fwy Ste 200,(832) 329-7222,https://remodeland.net/,"""Julio saved the  day by .fixing my",roof,"just before the rain.""","""Julio saved the  day by .fixing my roof just before the rain."""
https://www.google.com/maps/place/The+Roof+Store/data=!4m7!3m6!1s0x8640c7f743b4d83f:0xea2394c42d2a9a67!8m2!3d29.8183688!4d-95.3985799!16s%2Fg%2F11sbmsh91m!19sChIJP9i0Q_fHQIYRZ5oqLcSUI-o?authuser=0&hl=en&rclk=1,The Roof Store,5,Roofing supply store,·,3522 Yale St,(713) 480-1168,https://www.theroof.store/,"""Not only a great price, but also great communication.""",,,"""Not only a great price, but also great communication."""
https://www.google.com/maps/place/HRG+Roofing+LLC/data=!4m7!3m6!1s0x8640c1b1214fddf1:0xb1ff24621f8ef388!8m2!3d29.8077651!4d-95.4651337!16s%2Fg%2F11lhhcdh5n!19sChIJ8d1PIbHBQIYRiPOOH2Ik_7E?authuser=0&hl=en&rclk=1,HRG Roofing LLC,4.7,Roofing contractor,2200 Central Pkwy D,·,(281) 253-3628,https://hrgroofing.com/,,,,
https://www.google.com/maps/place/Roosevelt+General+Contracting/data=!4m7!3m6!1s0x8640c782a8020509:0x20c1300adea96c01!8m2!3d29.8034899!4d-95.4120763!16s%2Fg%2F11j65tmc7l!19sChIJCQUCqILHQIYRAWyp3gowwSA?authuser=0&hl=en&rclk=1,Roosevelt General Contracting,4.4,Roofing contractor,746 W 20th St,·,(832) 748-0596,http://www.rooseveltgc.com/,"""Replaced my",roof,"very well, dealt with insurance and competitive price.""","""Replaced my roof very well, dealt with insurance and competitive price."""
https://www.google.com/maps/place/WeatherMaster+Roofing/data=!4m7!3m6!1s0x8640c77f821b2027:0xec4065b6e3c4b894!8m2!3d29.8021814!4d-95.4233225!16s%2Fg%2F11fj9jb0t5!19sChIJJyAbgn_HQIYRlLjE47ZlQOw?authuser=0&hl=en&rclk=1,WeatherMaster Roofing,5,Roofing contractor,·,1300 W 19th St ste 70647,(713) 259-9112,http://weathermasterroofing.com/,"""Quality, timely, respectful and good overall value.""",,,"""Quality, timely, respectful and good overall value."""
https://www.google.com/maps/place/Battalion+Roofing+Houston/data=!4m7!3m6!1s0x8640dbd77882652d:0xf3c87bb1d0e9f3b6!8m2!3d29.756598!4d-95.585432!16s%2Fg%2F11f5_6w716!19sChIJLWWCeNfbQIYRtvPp0LF7yPM?authuser=0&hl=en&rclk=1,Battalion Roofing Houston,4.9,Roofing contractor,11543 Riverview Dr,·,(832) 244-6132,http://battalionroofinghouston.net/,"""High quality work and reasonable prices.""",,,"""High quality work and reasonable prices."""
https://www.google.com/maps/place/Davis+%26+Sons/data=!4m7!3m6!1s0x8640c942b9180a5d:0xe757b281867cd00b!8m2!3d29.9512181!4d-95.4090146!16s%2Fg%2F11vxyctsgb!19sChIJXQoYuULJQIYRC9B8hoGyV-c?authuser=0&hl=en&rclk=1,Davis & Sons,4.8,Roofing contractor,363 Greens Rd,·,(936) 935-2333,https://davisroofing.online/houston,,,,
https://www.google.com/maps/place/Bustamante+Roofing+and+Construction/data=!4m7!3m6!1s0x8640dd1f921442d3:0x5b73ed7e90d2ad83!8m2!3d29.9155725!4d-95.6100658!16s%2Fg%2F11f8jhxplm!19sChIJ00IUkh_dQIYRg63SkH7tc1s?authuser=0&hl=en&rclk=1,Bustamante Roofing and Construction,5,Roofing contractor,12650 Crossroads Park Dr Suite 100,·,(346) 234-3057,https://bustamanteroofing.com/,"""Our",roof,"was done in a timely manner by an entire crew of professionals.""","""Our roof was done in a timely manner by an entire crew of professionals."""
https://www.google.com/maps/place/Houston+Commercial+Roofing+and+Coatings/data=!4m7!3m6!1s0x8640bf7ec6c39e11:0xf3e30cd9df8a06ea!8m2!3d29.7702712!4d-95.3715956!16s%2Fg%2F11vz01ckqg!19sChIJEZ7Dxn6_QIYR6gaK39kM4_M?authuser=0&hl=en&rclk=1,Houston Commercial Roofing and Coatings,4.9,Roofing contractor,1404 Dart St,·,(281) 532-9037,https://houstoncommercialroofingconstruction.com/,"""The team was pleasant and worked hard to complete my",roof,"promptly.""","""The team was pleasant and worked hard to complete my roof promptly."""
https://www.google.com/maps/place/Rodriguez+Roofing/data=!4m7!3m6!1s0x8640cdc0bc78fce1:0x7f46537d501e113d!8m2!3d29.963673!4d-95.526093!16s%2Fg%2F1tdylll3!19sChIJ4fx4vMDNQIYRPREeUH1TRn8?authuser=0&hl=en&rclk=1,Rodriguez Roofing,4.5,Roofing contractor,6811 Theall Road,· Closes 5 PM,(281) 407-5354,https://www.google.com/aclk?sa=L&ai=DChsSEwih4ciRnIeTAxVyc38AHWMKMggYACICCAEQABoCb2E&co=1&ase=2&gclid=CjwKCAiAzZ_NBhAEEiwAMtqKy6Coq-R-Dm9EdcRB2_xD1dsLGZnkuh07sIAOJlHXw4vJzmfFkQwJrBoClFUQAvD_BwE&cid=CAASZeRoGrHKdgsQANcr1S_laDbH1xzpfOk31k6sXYhLAjgJt3L5bo8AXylvyj3rnrGlTgXyumwnXkHltzCQrMim1mw6du0DpCKvvig_PpVhOfK5tB7EnWyp5ETIKR4CpoVnwLly1Qz9&cce=2&category=acrcp_v1_32&sig=AOD64_2ts5kciynqw4ON5IlKmA5upiou2A&adurl&q&ctype=99&nis=6,,,,
https://www.google.com/maps/place/Allied+Foundation+Repair/data=!4m7!3m6!1s0x86409f129242d021:0x5ed1cc4fe8ae88f5!8m2!3d29.665633!4d-95.113335!16s%2Fg%2F1td6b7qn!19sChIJIdBCkhKfQIYR9Yiu6E_M0V4?authuser=0&hl=en&rclk=1,Allied Foundation Repair,4.8,Contractor,4906 Luella Avenue,· Closes 5 PM,(281) 238-5010,https://www.google.com/aclk?sa=L&ai=DChsSEwih4ciRnIeTAxVyc38AHWMKMggYACICCAEQExoCb2E&co=1&ase=2&gclid=CjwKCAiAzZ_NBhAEEiwAMtqKy05O8YKNJjZ0U6tLhnNhugDGS1yErZ1HEjTH8SrAlZbEnCI71Wx0yRoCya4QAvD_BwE&cid=CAASZeRoGrHKdgsQANcr1S_laDbH1xzpfOk31k6sXYhLAjgJt3L5bo8AXylvyj3rnrGlTgXyumwnXkHltzCQrMim1mw6du0DpCKvvig_PpVhOfK5tB7EnWyp5ETIKR4CpoVnwLly1Qz9&cce=2&category=acrcp_v1_32&sig=AOD64_2n_XzJobVPwpG8-xN8-9Sa75xFOQ&adurl&q&ctype=99&nis=6,,,,
https://www.google.com/maps/place/Carlos+Affordable+roofing/data=!4m7!3m6!1s0x8640c9e4bd83a0a5:0xf3969f9b039b7090!8m2!3d29.9475353!4d-95.4008871!16s%2Fg%2F11fv1pqx69!19sChIJpaCDveTJQIYRkHCbA5uflvM?authuser=0&hl=en&rclk=1,Carlos Affordable roofing,5,Roofing contractor,16826 City View Pl,· Closes 10 PM,(281) 960-7761,,"""His team did an amazing job repairing my",roof,".""","""His team did an amazing job repairing my roof ."""
https://www.google.com/maps/place/Ruff+Roofing+Houston/data=!4m7!3m6!1s0x8640ddb1aca182f5:0xdadecce3d0e20a7d!8m2!3d29.7836331!4d-95.5936494!16s%2Fg%2F11vf74frqd!19sChIJ9YKhrLHdQIYRfQri0OPM3to?authuser=0&hl=en&rclk=1,Ruff Roofing Houston,4.8,Roofing contractor,·,11767 Katy Fwy # 600,(346) 339-3405,https://ruff-roofing.com/,"""The crew did excellent work on my",roof,"and cleaned up after themselves.""","""The crew did excellent work on my roof and cleaned up after themselves."""
https://www.google.com/maps/place/Recovery+Roofing+and+Remodeling+LLC/data=!4m7!3m6!1s0x8640c1070a61fa97:0x4e09974e2c8b2ab5!8m2!3d29.8759904!4d-95.5056264!16s%2Fg%2F11qbm6lh8w!19sChIJl_phCgfBQIYRtSqLLE6XCU4?authuser=0&hl=en&rclk=1,Recovery Roofing and Remodeling LLC,5,Roofing contractor,7703 Mosewood St,·,(346) 450-1337,http://www.recoveryroofingandremodeling.com/,"""They did an excellent job - replacing our",roof,"in a single day!""","""They did an excellent job - replacing our roof in a single day!"""
https://www.google.com/maps/place/Texas+Brother%E2%80%99s+Roofing+%26+Construction+LLC/data=!4m7!3m6!1s0x479ddc9f1a881377:0x51b7e280293e7ff3!8m2!3d29.9752961!4d-95.4594827!16s%2Fg%2F11ptvhrn33!19sChIJdxOIGp_cnUcR838-KYDit1E?authuser=0&hl=en&rclk=1,Texas Brother’s Roofing & Construction LLC,5,Roofing contractor,12910 Atwood Glen Ct,·,(832) 782-8553,http://txbrothersroofingandconstruction.com/,"""Texas brother’s did an amazing job on our",roof,", and for an affordable price.""","""Texas brother’s did an amazing job on our roof , and for an affordable price."""
https://www.google.com/maps/place/Cabrera+Brothers+Roofing+LLC/data=!4m7!3m6!1s0x8640bffc624ff869:0xe3ed40ff4b234cf4!8m2!3d29.7333147!4d-95.3653985!16s%2Fg%2F11vxydqjj8!19sChIJafhPYvy_QIYR9EwjS_9A7eM?authuser=0&hl=en&rclk=1,Cabrera Brothers Roofing LLC,4.9,Roofing contractor,2401 Francis St,·,(346) 615-6010,https://cabreraroofing.homes/houston,,,,
https://www.google.com/maps/place/Standard+Roofing/data=!4m7!3m6!1s0xa74c47283e9ae795:0xfad781502d727a7e!8m2!3d29.8649142!4d-95.3747737!16s%2Fg%2F11y6qk72f5!19sChIJleeaPihHTKcRfnpyLVCB1_o?authuser=0&hl=en&rclk=1,Standard Roofing,5,Roofing contractor,·,215 Rittenhouse St Unit E,(832) 576-3936,https://standardroofingtx.com/,"""They did an excellent job, professional, on time, and great quality work.""",,,"""They did an excellent job, professional, on time, and great quality work."""
https://www.google.com/maps/place/Alliance+Roofing+%26+Construction/data=!4m7!3m6!1s0x8640c5834daa37cf:0x323decff3d0dd0ce!8m2!3d29.8266639!4d-95.4885712!16s%2Fg%2F11q1d9mds4!19sChIJzzeqTYPFQIYRztANPf_sPTI?authuser=0&hl=en&rclk=1,Alliance Roofing & Construction,5,Roofing contractor,6535 Thornwall St,,(832) 876-1208,,"""Bill is up on the",roof,involved with every,"""Bill is up on the roof involved with every"
https://www.google.com/maps/place/Mighty+Dog+Roofing+of+West+Houston+and+Katy/data=!4m7!3m6!1s0x8640d9f2cbcf6309:0x3fb77938349db6fe!8m2!3d29.7897191!4d-95.6705085!16s%2Fg%2F11q8skb4z1!19sChIJCWPPy_LZQIYR_radNDh5tz8?authuser=0&hl=en&rclk=1,Mighty Dog Roofing of West Houston and Katy,4.9,Roofing contractor,·,16532 Park Row Blvd,(713) 364-1046,https://www.mightydogroofing.com/houston-texas?frlocid=mdr-114&utm_source=gbp&utm_medium=organic+search,"""Super professional, super efficient, and the",roof,"turned out awesome.""","""Super professional, super efficient, and the roof turned out awesome."""
https://www.google.com/maps/place/Parker+James+Roofing/data=!4m7!3m6!1s0xa8d9358924dcfd6d:0xd973e88d933e5c85!8m2!3d29.7799969!4d-95.4213449!16s%2Fg%2F11vs87twjs!19sChIJbf3cJIk12agRhVw-k43oc9k?authuser=0&hl=en&rclk=1,Parker James Roofing,5,Roofing contractor,5530 Darling St,·,(713) 898-5747,http://parkerjames.com/,"""James and his team did an excellent job on my",roof,"!""","""James and his team did an excellent job on my roof !"""
https://www.google.com/maps/place/Star+Roof+Cleaning/data=!4m7!3m6!1s0x8640c09cf8167bf7:0xf04fed8f65d65525!8m2!3d29.8104601!4d-95.4126098!16s%2Fg%2F11clyhkrt3!19sChIJ93sW-JzAQIYRJVXWZY_tT_A?authuser=0&hl=en&rclk=1,Star Roof Cleaning,4.5,Roofing contractor,2611 N Durham Dr,· Closes 10 PM,(832) 550-1000,,,,,
https://www.google.com/maps/place/Universal+Roofing+%26+Restoration/data=!4m7!3m6!1s0x8640d98a09c73d65:0x81defde7b46b6755!8m2!3d29.7331222!4d-95.5238279!16s%2Fg%2F11g10fq4l4!19sChIJZT3HCYrZQIYRVWdrtOf93oE?authuser=0&hl=en&rclk=1,Universal Roofing & Restoration,4.8,Roofing contractor,9110 Clarkcrest St Ste. 720,·,(281) 616-5842,https://www.universalrestorationllc.com/,"""They did a great job on my",roof,"and didn’t leave any mess behind.""","""They did a great job on my roof and didn’t leave any mess behind."""
https://www.google.com/maps/place/New+Era+Construction+TX/data=!4m7!3m6!1s0x8640c502f48e4abb:0x37f4d278e7638a46!8m2!3d29.8442674!4d-95.5041654!16s%2Fg%2F11hf81r_42!19sChIJu0qO9ALFQIYRRopj53jS9Dc?authuser=0&hl=en&rclk=1,New Era Construction TX,5,Roofing contractor,7676 Hillmont St Suite F,·,(800) 819-8549,http://www.newerahtx.com/,"""",Roof,"installed quick and clean.""",""" Roof installed quick and clean."""
https://www.google.com/maps/place/All-Pro+Roofing+of+Houston/data=!4m7!3m6!1s0x88154f18f690c77b:0xabe437650ed8b366!8m2!3d29.7600917!4d-95.3655254!16s%2Fg%2F11vp_dh1z1!19sChIJe8eQ9hhPFYgRZrPYDmU35Ks?authuser=0&hl=en&rclk=1,All-Pro Roofing of Houston,4.5,Roofing contractor,700 Milam St #1323,·,(713) 527-2719,https://allprorooftx.com/service-areas/houston-roofing-contractor/,"""They repaired storm damage on our",roof,"in just one day.""","""They repaired storm damage on our roof in just one day."""
https://www.google.com/maps/place/Murray+Roofing/data=!4m7!3m6!1s0x8640b3f657747a89:0x69b878f745c4a2e4!8m2!3d29.7567954!4d-95.3659038!16s%2Fg%2F11f5vrfncb!19sChIJiXp0V_azQIYR5KLERfd4uGk?authuser=0&hl=en&rclk=1,Murray Roofing,5,Roofing contractor,1000 Main St Suite 2300,·,(713) 261-1633,https://www.murrayroofingllc.com/houston-tx,"""I really recommend
Murray Houston for",roof repairs,".""","""I really recommend
Murray Houston for roof repairs ."""
https://www.google.com/maps/place/Remarkable+Roofing/data=!4m7!3m6!1s0x8640bf0cc1fdbe33:0x379c591ddee41bb0!8m2!3d29.7504956!4d-95.3370175!16s%2Fg%2F11r62pyvhf!19sChIJM779wQy_QIYRsBvk3h1ZnDc?authuser=0&hl=en&rclk=1,Remarkable Roofing,4.8,Roofing contractor,·,10 N Hutcheson St,(713) 277-5674,http://remarkableroof.com/,"""Quality work and fair prices.""",,,"""Quality work and fair prices."""
https://www.google.com/maps/place/ENVZN+ROOFING+AND+RESTORATION+LLC/data=!4m7!3m6!1s0x68ef6332e08138b1:0xac76b6f59bac9577!8m2!3d29.8139855!4d-95.3145237!16s%2Fg%2F11vcmzq_gq!19sChIJsTiB4DJj72gRd5Wsm_W2dqw?authuser=0&hl=en&rclk=1,ENVZN ROOFING AND RESTORATION LLC,5,Roofing contractor,5433 Kelley St,·,(346) 334-0953,https://www.envznroofingandrestoration.com/,"""He got my",roof,approved through insurance after two other,"""He got my roof approved through insurance after two other"
https://www.google.com/maps/place/Aguirres+Roofing+LLC/data=!4m7!3m6!1s0x6d99adf453cd1c01:0x50aec68f43f2bd82!8m2!3d29.8798193!4d-95.3372526!16s%2Fg%2F11rvbqwp4c!19sChIJARzNU_StmW0Rgr3yQ4_GrlA?authuser=0&hl=en&rclk=1,Aguirres Roofing LLC,5,Roofing contractor,3217 Hopper Rd,· Closes 6 PM,(409) 665-8054,,"""The crew worked efficiently and the new",roof,"looks great.""","""The crew worked efficiently and the new roof looks great."""
https://www.google.com/maps/place/Elite+Roofing+Solutions/data=!4m7!3m6!1s0x8640d03794d23a89:0x40b114bcd6c93b4f!8m2!3d29.8920494!4d-95.5819822!16s%2Fg%2F1tdyg032!19sChIJiTrSlDfQQIYRTzvJ1rwUsUA?authuser=0&hl=en&rclk=1,Elite Roofing Solutions,4.8,Roofing contractor,17423 Village Green Dr,·,(281) 741-5924,https://eliteroofingsolutions.com/roofing-houston,"""They replaced my old",roof,"with a completely new one with great workmanship.""","""They replaced my old roof with a completely new one with great workmanship."""
https://www.google.com/maps/place/Houston+Roofing+%26+Gutters/data=!4m7!3m6!1s0x8640d0a87cba70c7:0x598072e9751d3333!8m2!3d29.8577508!4d-95.6358448!16s%2Fg%2F11cnwcq_tg!19sChIJx3C6fKjQQIYRMzMddelygFk?authuser=0&hl=en&rclk=1,Houston Roofing & Gutters,4.9,Roofing contractor,5707 Addicks Satsuma Rd #C,·,(832) 568-3400,https://www.houstonroofingngutters.com/,"""... day they came and replaced the damaged gutters and fixed the",roof,".""","""... day they came and replaced the damaged gutters and fixed the roof ."""
https://www.google.com/maps/place/Mighty+Dog+Roofing+of+Southwest+Houston/data=!4m7!3m6!1s0x11b489a2091d8ef:0xf7a53b9e1304fd9f!8m2!3d29.622743!4d-95.6078279!16s%2Fg%2F11pxm261ts!19sChIJ79iRIJpIGwERn_0EE547pfc?authuser=0&hl=en&rclk=1,Mighty Dog Roofing of Southwest Houston,4.9,Roofing contractor,·,77 Sugar Creek Center Blvd Ste 600,(281) 918-8779,https://www.mightydogroofing.com/stafford-tx?frlocid=mdr-107&utm_source=gbp&utm_medium=organic+search,"""Superb customer service and great work on my",roof,"by their team.""","""Superb customer service and great work on my roof by their team."""